Keyword,Chapters,Pages
Accountability,Ch. 12,XX
Authoritarianism,"Ch. 6, 8, 9, 12",XX–XX
Algorithms,"Ch. 5, 14",XX–XX
Barbara F. Walter,Ch. 12,XX
Behavioral collapse,Ch. 12,XX
Bitcoin Deregulation,Ch. 9,XX
Bureaucratic Drift,Ch. 12,XX
Collapse Curve,"Ch. 1, Abstract",XX
Corporate Power,"Ch. 7, 8, 14",XX–XX
Courts (Captured),"Ch. 12, 14",XX–XX
Citizenship Stripping,Ch. 10,XX
Civic Immunity,Ch. 13,XX
Crisis Manufacturing,"Ch. 6, 9",XX–XX
Disinformation,"Ch. 6, 11",XX–XX
Democratic Erosion,"Ch. 1, Abstract, 12, 14",XX–XX
Deep State (Myth),Ch. 9,XX
Echo Chambers,Ch. 12,XX
Elon Musk,Ch. 14,XX
Executive Feedback Loop,"Ch. 1, Fig. 1",XX
Feedback Loops,"Ch. 1, 6, 12",XX–XX
Fracture Zone,Ch. 11,XX
Gaslighting (Political),Ch. 6,XX
Habeas Corpus Erosion,Ch. 10,XX
Impunity,"Ch. 9, 14",XX–XX
Institutions (Weakened),"Ch. 12, 14",XX–XX
Judicial Capture,"Ch. 12, 14",XX–XX
Legal Realism,Ch. 14,XX
Media Manipulation,"Ch. 6, 12, 14",XX–XX
Normalization,"Ch. 6, 12",XX–XX
Overton Window,"Ch. 6, 11",XX–XX
Palantir,Ch. 14,XX
QAnon,"Ch. 6, 12",XX–XX
Regime Legibility,Ch. 14,XX
Strategic Culture,"Ch. 12, 14",XX–XX
Surveillance Capitalism,Ch. 14,XX
Systemic Failure,"Preface, Ch. 1–14",XX–XX
Technocratic Shielding,Ch. 14,XX
Tony Schwartz,Ch. 9,XX
Trump (Donald),"Ch. 1, 6, 9, 14",XX–XX
Unitary Executive Theory,"Ch. 6, Abstract",XX
Venezuela,Ch. 12,XX
